Atom,(nm),,,
5,0.1629
19,0.1205
43,0.1112
65,0.1138
79,0.0921
100,0.0928
114,0.0858
133,0.1014
147,0.0940
159,0.0868
180,0.0988
199,0.1124
221,0.1053
235,0.1045
249,0.1019
270,0.1169
294,0.1019
313,0.1094
335,0.1105
354,0.0880
375,0.0914
386,0.0803
405,0.0797
429,0.0823
453,0.0938
472,0.0974
483,0.1005
495,0.0891
512,0.0840
527,0.0752
548,0.0777
567,0.0849
588,0.0957
610,0.1221
627,0.1507
642,0.1378
656,0.1029
670,0.0871
689,0.0877
708,0.0819
724,0.0823
744,0.0907
758,0.0910
768,0.1380
783,0.1774
804,0.1539
811,0.1350
825,0.1059
836,0.0999
847,0.0995
863,0.0924
883,0.0944
902,0.1204
917,0.1488
931,0.1419
942,0.1461
956,0.1411
976,0.1525
988,0.2058
1003,0.2136
1023,0.1832
1030,0.1542
1047,0.1395
1058,0.1206
1077,0.1208
1091,0.1044
1103,0.0898
1124,0.0801
1135,0.0752
1154,0.0690
1167,0.0761
1179,0.0797
1191,0.0820
1198,0.0805
1215,0.0722
1235,0.0773
1254,0.0799
1273,0.0901
1292,0.0970
1307,0.1086
1328,0.1244
1342,0.1256
1363,0.1474
1379,0.1491
1401,0.1470
1418,0.1492
1442,0.1440
1466,0.1230
1483,0.1166
1494,0.1201
1515,0.1196
1529,0.1119
1539,0.1051
1550,0.0954
1571,0.0912
1583,0.0825
1602,0.0837
1623,0.0815
1635,0.0890
1654,0.1056
1668,0.1080
1690,0.1051
1714,0.1093
1731,0.1027
1750,0.0998
1769,0.1183
1783,0.1227
1798,0.1072
1813,0.0991
1837,0.0997
1858,0.1099
1870,0.1171
1884,0.1198
1898,0.1000
1912,0.0997
1929,0.0873
1953,0.0792
1969,0.0702
1983,0.0687
2007,0.0660
2020,0.0787
2032,0.0878
2048,0.0787
2055,0.0719
2073,0.0686
2095,0.0700
2114,0.0671
2124,0.0765
2145,0.0843
2161,0.0988
2185,0.1137
2199,0.1039
2213,0.0928
2225,0.0785
2244,0.0803
2265,0.0737
2281,0.0807
2303,0.0839
2322,0.0892
2339,0.1021
2351,0.1166
2365,0.1091
2386,0.1031
2398,0.0924
2409,0.0900
2430,0.0923
2454,0.0895
2473,0.0945
2487,0.1153
2511,0.1271
2525,0.1213
2532,0.1480
2554,0.1720
2569,0.1666
2581,0.1422
2600,0.1214
2619,0.1004
2640,0.0849
2654,0.0747
2661,0.0858
2680,0.0933
2694,0.1079
2706,0.1201
2730,0.1203
2746,0.1035
2767,0.1069
2782,0.1234
2797,0.1283
2812,0.1031
2828,0.0917
2848,0.1152
2859,0.1087
2869,0.1040
2890,0.0845
2901,0.0681
2911,0.0646
2930,0.0740
2954,0.0699
2978,0.0645
2991,0.0734
3003,0.0885
3017,0.0720
3024,0.0815
3038,0.0673
3058,0.0608
3077,0.0588
3087,0.0590
3108,0.0660
3118,0.0793
3135,0.0937
3155,0.1214
3169,0.1203
3181,0.1191
3195,0.1223
3210,0.1118
3228,0.1233
3240,0.1318
3259,0.1544
3278,0.2005
3293,0.2394
3314,0.2967
3325,0.3215
3345,0.3659
3366,0.3623
3377,0.4020
3389,0.4694
3404,0.5022
3415,0.4408
3434,0.4782
3451,0.4434
3474,0.3920
3486,0.3493
3508,0.2931
3522,0.2473
3538,0.1932
3562,0.1702
3580,0.1408
3592,0.1301
3615,0.1140
3627,0.0905
3649,0.0743
3659,0.0848
3666,0.0733
3676,0.0854
3692,0.0932
3708,0.1169
3720,0.0902
3734,0.0726
3750,0.0702
3772,0.0607
3792,0.0608
3812,0.0596
3828,0.0682
3844,0.0757
3858,0.0819
3872,0.1094
3884,0.1397
3895,0.1242
3914,0.1561
3925,0.1772
3936,0.2075
3952,0.2029
3966,0.1797
3980,0.1482
3990,0.1235
4004,0.0870
4015,0.0821
4034,0.0748
4051,0.0675
4070,0.0781
4084,0.0709
4096,0.0727
4108,0.0862
4118,0.0995
4129,0.0870
4146,0.1095
4165,0.1445
4184,0.1345
4191,0.0945
4203,0.0675
4220,0.0660
4241,0.0631
4260,0.0662
4271,0.0670
4283,0.0560
4299,0.0603
4313,0.0615
4337,0.0622
4347,0.0641
4361,0.0686
4378,0.0743
4393,0.0564
4417,0.0535
4436,0.0499
4447,0.0474
4466,0.0477
4483,0.0523
4507,0.0545
4526,0.0569
4550,0.0630
4574,0.0637
4593,0.0596
4610,0.0660
4624,0.0613
4645,0.0539
4656,0.0538
4672,0.0516
4689,0.0523
4701,0.0546
4720,0.0645
4730,0.0652
4742,0.0736
4763,0.0978
4775,0.1343
4790,0.1624
4801,0.1546
4812,0.1246
4819,0.1072
4843,0.0815
4867,0.0866
4881,0.0826
4891,0.0907
4910,0.1071
4926,0.1050
4936,0.0800
4960,0.0698
4977,0.0675
4994,0.0765
5013,0.0801
5028,0.0847
5045,0.0813
5056,0.1131
5070,0.1357
5084,0.1390
5091,0.0701
5115,0.0581
5131,0.0700
5138,0.0795
5162,0.0935
5182,0.0822
5208,0.0707
5220,0.0668
5231,0.0682
5248,0.0572
5260,0.0527
5277,0.0534
5297,0.0622
5311,0.0797
5330,0.0774
5342,0.0634
5349,0.0595
5363,0.0557
5374,0.0509
5394,0.0482
5415,0.0524
5437,0.0508
5456,0.0558
5475,0.0603
5486,0.0670
5500,0.0886
5515,0.0874
5530,0.0802
5537,0.0618
5558,0.0536
5582,0.0484
5599,0.0478
5618,0.0496
5628,0.0514
5649,0.0533
5669,0.0599
5686,0.0637
5705,0.0785
5717,0.0796
5739,0.0851
5761,0.0746
5773,0.0627
5783,0.0673
5797,0.0585
5817,0.0604
5836,0.0608
5850,0.0676
5872,0.0758
5879,0.0806
5893,0.0725
5917,0.0667
5932,0.0517
5948,0.0559
5967,0.0592
5974,0.0534
5993,0.0568
6008,0.0605
6018,0.0602
6037,0.0708
6051,0.0886
6062,0.0827
6074,0.0626
6095,0.0526
6114,0.0503
6135,0.0498
6156,0.0499
6175,0.0549
6186,0.0569
6200,0.0637
6215,0.0660
6236,0.0914
6258,0.0911
6265,0.0818
6284,0.0717
6296,0.0760
6303,0.0637
6310,0.0542
6334,0.0496
6348,0.0496
6367,0.0513
6388,0.0561
6410,0.0555
6429,0.0669
6446,0.0718
6465,0.1011
6476,0.1130
6488,0.1273
6509,0.1192
6523,0.1105
6545,0.0765
6561,0.0709
6575,0.0568
6585,0.0574
6604,0.0552
6615,0.0626
6625,0.0747
6640,0.0670
6659,0.0649
6675,0.0757
6687,0.0824
6702,0.0664
6726,0.0569
6736,0.0621
6753,0.0580
6774,0.0553
6795,0.0608
6806,0.0580
6822,0.0645
6833,0.0664
6853,0.0741
6864,0.1035
6886,0.0998
6901,0.0821
6911,0.0784
6933,0.0697
6954,0.0661
6975,0.0647
6992,0.0592
7011,0.0579
7035,0.0562
7045,0.0663
7056,0.0703
7065,0.0767
7077,0.0722
7084,0.0681
7105,0.0636
7117,0.0577
7136,0.0575
7157,0.0591
7171,0.0594
7190,0.0638
7207,0.0721
7218,0.0842
7229,0.1081
7245,0.1150
7259,0.1081
7271,0.1007
7293,0.0860
7300,0.0788
7319,0.0830
7343,0.0694
7359,0.0715
7378,0.0704
7393,0.0748
7405,0.0786
7419,0.0896
7430,0.1074
7440,0.0923
7459,0.0864
7471,0.1036
7493,0.1062
7510,0.0980
7529,0.1111
7546,0.1109
7560,0.0955
7576,0.0928
7593,0.0815
7612,0.0780
7624,0.0993
7635,0.0910
7657,0.0762
7679,0.0649
7698,0.0660
7710,0.0740
7730,0.0935
7749,0.1158
7768,0.1437
7787,0.1805
7801,0.1622
7816,0.1168
7830,0.0851
7852,0.0697
7872,0.0586
7896,0.0657
7917,0.0703
7934,0.0629
7951,0.0616
7970,0.0753
7991,0.0770
8005,0.0914
8017,0.1224
8034,0.1128
8054,0.1434
8066,0.1618
8088,0.1578
8099,0.1236
8121,0.0967
8143,0.0793
8166,0.0708
8178,0.0623
8197,0.0551
8216,0.0519
8235,0.0521
8247,0.0557
8263,0.0515
8284,0.0537
8294,0.0773
8303,0.0752
8315,0.0829
8326,0.0954
8337,0.0810
8354,0.0892
8376,0.0948
8386,0.0993
8398,0.0884
8412,0.0783
8428,0.0778
8448,0.0813
8472,0.0806
8491,0.0723
8505,0.0665
8529,0.0618
8539,0.0656
8553,0.0687
8574,0.0636
8593,0.0653
8603,0.0759
8614,0.0790
8628,0.0755
8643,0.0741
8657,0.0656
8676,0.0607
8695,0.0535
8711,0.0559
8721,0.0714
8732,0.0689
8752,0.0764
8764,0.0633
8771,0.0635
8795,0.0705
8802,0.0642
8813,0.0700
8820,0.0701
8841,0.0822
8858,0.0837
8865,0.0757
8877,0.0937
8899,0.0808
8918,0.0779
8935,0.1018
8952,0.1134
8962,0.1262
8981,0.1898
8995,0.1186
9019,0.0924
9043,0.0863
9062,0.0758
9069,0.0641
9083,0.0598
9103,0.0591
9118,0.0596
9134,0.0560
9149,0.0512
9161,0.0504
9178,0.0553
9197,0.0594
9212,0.0603
9222,0.0618
9232,0.0683
9256,0.0703
9273,0.0703
9293,0.0834
9304,0.0939
9326,0.0908
9343,0.1039
9350,0.0917
9370,0.0797
9386,0.0848
9398,0.1010
9412,0.0924
9434,0.0806
9458,0.0720
9477,0.0609
9487,0.0539
9506,0.0526
9530,0.0545
9537,0.0606
9561,0.0640
9572,0.0559
9593,0.0505
9600,0.0531
9607,0.0500
9628,0.0452
9644,0.0462
9658,0.0526
9669,0.0522
9686,0.0508
9702,0.0598
9721,0.0664
9728,0.0683
9739,0.0814
9746,0.0784
9757,0.0909
9764,0.0730
9780,0.0657
9800,0.0687
9822,0.0629
9832,0.0597
9839,0.0587
9858,0.0598
9868,0.0629
9884,0.0729
9896,0.0724
9908,0.0836
9924,0.0754
9935,0.0699
9959,0.0758
9983,0.0826
9998,0.1006
10019,0.1003
10040,0.1305
10052,0.1004
10063,0.0839
10079,0.0898
10100,0.0791
10114,0.0585
10129,0.0617
10153,0.0663
10174,0.0774
10191,0.0814
10198,0.0964
10219,0.1147
10231,0.1579
10247,0.1248
10259,0.2694
10274,0.2596
10286,0.1108
10300,0.0999
10319,0.1118
10331,0.0951
10348,0.0732
10369,0.0796
10393,0.0820
10407,0.0680
10418,0.0657
10432,0.0667
10448,0.0748
10465,0.0871
10476,0.0787
10500,0.0832
10510,0.0963
10525,0.0951
10539,0.0923
10559,0.1129
10581,0.1109
10598,0.0745
10614,0.0742
10629,0.0694
10650,0.0702
10669,0.0699
10688,0.0732
10707,0.0809
10725,0.0914
10732,0.1021
10746,0.1118
10756,0.1062
10768,0.1179
10780,0.1309
10794,0.1361
10810,0.1234
10827,0.1259
10847,0.1336
10864,0.1421
10881,0.1243
10892,0.1027
10902,0.0959
10919,0.0825
10938,0.0933
10949,0.1044
10971,0.0933
10981,0.0878
11000,0.1020
11016,0.1116
11028,0.1053
11044,0.1091
11051,0.0975
11067,0.1134
11079,0.0940
11099,0.0957
11116,0.1011
11126,0.0954
11143,0.0993
11167,0.0983
11188,0.1147
11202,0.1205
11214,0.1101
11229,0.1076
11241,0.1049
11258,0.1216
11265,0.1147
11284,0.1507
11294,0.1436
11305,0.1452
11316,0.1410
11330,0.1213
11340,0.1071
11357,0.1076
11374,0.1052
11391,0.0886
11410,0.0808
11431,0.0877
11445,0.0855
11462,0.0715
11479,0.0728
11490,0.0809
11507,0.0729
11527,0.0671
11546,0.0775
11568,0.0824
11585,0.0747
11595,0.0789
11615,0.0918
11626,0.0917
11647,0.1164
